Algorithm,Dataset Size,max_depth,Accuracy,Precision,Recall,F1 Score,CV F1 Mean,CV F1 Std,Time (s),C,n_neighbors,hidden_layer_sizes
Decision Tree,100,2.0,0.7,0.8333,0.7143,0.7692,0.8064,0.0657,0.05,,,
Decision Tree,500,2.0,0.79,0.8167,0.8305,0.8235,0.8044,0.0294,0.06,,,
Decision Tree,1000,2.0,0.775,0.8017,0.822,0.8117,0.8285,0.0411,0.06,,,
Decision Tree,5000,2.0,0.805,0.7833,0.9353,0.8526,0.8439,0.0112,0.07,,,
Decision Tree,10000,2.0,0.793,0.7748,0.9253,0.8434,0.8426,0.0084,0.1,,,
Decision Tree,50000,2.0,0.7978,0.775,0.9345,0.8473,0.8445,0.0026,0.34,,,
Decision Tree,100000,2.0,0.7954,0.7725,0.9341,0.8456,0.8445,0.0014,0.68,,,
Decision Tree,100,3.0,0.65,0.7692,0.7143,0.7407,0.8159,0.0765,0.05,,,
Decision Tree,500,3.0,0.8,0.8197,0.8475,0.8333,0.8254,0.023,0.05,,,
Decision Tree,1000,3.0,0.845,0.8321,0.9237,0.8755,0.8795,0.0104,0.06,,,
Decision Tree,5000,3.0,0.826,0.8936,0.8076,0.8484,0.8532,0.0239,0.08,,,
Decision Tree,10000,3.0,0.8325,0.8789,0.8373,0.8576,0.8586,0.0087,0.12,,,
Decision Tree,50000,3.0,0.8309,0.8895,0.8203,0.8535,0.8503,0.003d,0.41,,,
Decision Tree,100000,3.0,0.8324,0.8754,0.8401,0.8574,0.857,0.002,0.82,,,
Decision Tree,100,4.0,0.65,0.7692,0.7143,0.7407,0.7956,0.0714,0.05,,,
Decision Tree,500,4.0,0.8,0.8421,0.8136,0.8276,0.8238,0.0204,0.05,,,
Decision Tree,1000,4.0,0.86,0.8629,0.9068,0.8843,0.8761,0.0168,0.06,,,
Decision Tree,5000,4.0,0.847,0.8419,0.9187,0.8787,0.8781,0.0105,0.09,,,
Decision Tree,10000,4.0,0.8435,0.8241,0.9411,0.8787,0.8727,0.0071,0.13,,,
Decision Tree,50000,4.0,0.8455,0.8371,0.922,0.8775,0.878,0.0045,0.53,,,
Decision Tree,100000,4.0,0.8465,0.8325,0.9315,0.8792,0.8786,0.002,1.0,,,
Decision Tree,100,5.0,0.7,0.8333,0.7143,0.7692,0.8172,0.0787,0.06,,,
Decision Tree,500,5.0,0.83,0.85,0.8644,0.8571,0.8197,0.033,0.05,,,
Decision Tree,1000,5.0,0.86,0.8629,0.9068,0.8843,0.874,0.0257,0.06,,,
Decision Tree,5000,5.0,0.861,0.8959,0.8706,0.8831,0.8792,0.0164,0.11,,,
Decision Tree,10000,5.0,0.859,0.8908,0.873,0.8818,0.8754,0.0099,0.15,,,
Decision Tree,50000,5.0,0.86,0.898,0.8651,0.8812,0.8809,0.0035,0.59,,,
Decision Tree,100000,5.0,0.8613,0.9057,0.8582,0.8813,0.8807,0.0024,1.22,,,
Decision Tree,100,6.0,0.7,0.8333,0.7143,0.7692,0.8172,0.0787,0.05,,,
Decision Tree,500,6.0,0.75,0.7833,0.7966,0.7899,0.8152,0.0345,0.05,,,
Decision Tree,1000,6.0,0.84,0.8468,0.8898,0.8678,0.859,0.0346,0.06,,,
Decision Tree,5000,6.0,0.866,0.8728,0.9104,0.8912,0.875,0.018,0.11,,,
Decision Tree,10000,6.0,0.8595,0.8768,0.8921,0.8844,0.8766,0.0063,0.16,,,
Decision Tree,50000,6.0,0.8647,0.8754,0.9032,0.8891,0.8879,0.0037,0.67,,,
Decision Tree,100000,6.0,0.8693,0.8764,0.9106,0.8932,0.8918,0.002,1.37,,,
Decision Tree,100,8.0,0.7,0.8333,0.7143,0.7692,0.8172,0.0787,0.05,,,
Decision Tree,500,8.0,0.73,0.75,0.8136,0.7805,0.8145,0.0273,0.06,,,
Decision Tree,1000,8.0,0.83,0.8387,0.8814,0.8595,0.8591,0.0176,0.06,,,
Decision Tree,5000,8.0,0.86,0.8865,0.8806,0.8835,0.8664,0.0068,0.12,,,
Decision Tree,10000,8.0,0.858,0.8873,0.8755,0.8814,0.875,0.0066,0.19,,,
Decision Tree,50000,8.0,0.8727,0.8918,0.8967,0.8943,0.8927,0.003,0.83,,,
Decision Tree,100000,8.0,0.8787,0.8943,0.9046,0.8994,0.8966,0.0029,1.75,,,
Decision Tree,100,10.0,0.7,0.8333,0.7143,0.7692,0.8172,0.0787,0.05,,,
Decision Tree,500,10.0,0.71,0.7344,0.7966,0.7642,0.8252,0.0236,0.06,,,
Decision Tree,1000,10.0,0.83,0.8443,0.8729,0.8583,0.8556,0.0128,0.06,,,
Decision Tree,5000,10.0,0.85,0.8756,0.8756,0.8756,0.8607,0.008,0.12,,,
Decision Tree,10000,10.0,0.856,0.8799,0.8813,0.8806,0.867,0.0062,0.2,,,
Decision Tree,50000,10.0,0.8608,0.885,0.8829,0.8839,0.885,0.0043,0.94,,,
Decision Tree,100000,10.0,0.875,0.8934,0.8989,0.8961,0.8928,0.002,2.09,,,
Logistic Regression,100,,0.8,0.8125,0.9286,0.8667,0.8649,0.0551,1.33,0.01,,
Logistic Regression,500,,0.83,0.85,0.8644,0.8571,0.8586,0.037,0.61,0.01,,
Logistic Regression,1000,,0.825,0.843,0.8644,0.8536,0.8745,0.0195,1.1,0.01,,
Logistic Regression,5000,,0.859,0.8915,0.8723,0.8818,0.8876,0.018,1.33,0.01,,
Logistic Regression,10000,,0.87,0.8832,0.9037,0.8934,0.8895,0.0054,0.76,0.01,,
Logistic Regression,50000,,0.8878,0.9011,0.9134,0.9072,0.9041,0.0023,3.72,0.01,,
Logistic Regression,100000,,0.8891,0.9049,0.9109,0.9079,0.906,0.0025,9.83,0.01,,
Logistic Regression,100,,0.85,0.8667,0.9286,0.8966,0.8571,0.0583,0.29,0.1,,
Logistic Regression,500,,0.84,0.8644,0.8644,0.8644,0.8663,0.0316,0.26,0.1,,
Logistic Regression,1000,,0.875,0.872,0.9237,0.8971,0.8896,0.0211,0.3,0.1,,
Logistic Regression,5000,,0.879,0.9113,0.8856,0.8982,0.9001,0.0142,0.57,0.1,,
Logistic Regression,10000,,0.8855,0.8993,0.912,0.9056,0.9024,0.0044,0.75,0.1,,
Logistic Regression,50000,,0.8887,0.9011,0.915,0.908,0.9067,0.0028,2.86,0.1,,
Logistic Regression,100000,,0.8904,0.9061,0.9118,0.909,0.9073,0.0022,11.0,0.1,,
Logistic Regression,100,,0.85,0.8667,0.9286,0.8966,0.8725,0.0412,0.27,1.0,,
Logistic Regression,500,,0.85,0.8667,0.8814,0.8739,0.8787,0.0251,0.28,1.0,,
Logistic Regression,1000,,0.895,0.888,0.9407,0.9136,0.9048,0.0069,0.3,1.0,,
Logistic Regression,5000,,0.888,0.9182,0.8939,0.9059,0.9019,0.0135,0.52,1.0,,
Logistic Regression,10000,,0.887,0.9009,0.9129,0.9068,0.9031,0.0052,0.8,1.0,,
Logistic Regression,50000,,0.8889,0.9015,0.9149,0.9081,0.9065,0.0029,2.83,1.0,,
Logistic Regression,100000,,0.8904,0.9062,0.9117,0.909,0.907,0.0022,9.07,1.0,,
Logistic Regression,100,,0.9,0.9286,0.9286,0.9286,0.8951,0.0266,0.31,10.0,,
Logistic Regression,500,,0.86,0.8689,0.8983,0.8833,0.8795,0.0104,0.3,10.0,,
Logistic Regression,1000,,0.91,0.9098,0.9407,0.925,0.9128,0.0078,0.31,10.0,,
Logistic Regression,5000,,0.887,0.9153,0.8955,0.9053,0.9005,0.0136,0.49,10.0,,
Logistic Regression,10000,,0.8855,0.9013,0.9095,0.9054,0.903,0.0049,0.86,10.0,,
Logistic Regression,50000,,0.8889,0.9015,0.9149,0.9081,0.9066,0.0029,2.96,10.0,,
Logistic Regression,100000,,0.8905,0.9063,0.9118,0.909,0.907,0.0022,10.72,10.0,,
KNN,100,,0.7,0.75,0.8571,0.8,0.7401,0.0741,0.08,,3.0,
KNN,500,,0.64,0.6885,0.7119,0.7,0.7343,0.0555,0.06,,3.0,
KNN,1000,,0.725,0.7561,0.7881,0.7718,0.7528,0.0261,0.06,,3.0,
KNN,5000,,0.756,0.8068,0.7828,0.7946,0.7986,0.0152,0.09,,3.0,
KNN,10000,,0.776,0.8075,0.8249,0.8161,0.806,0.0084,0.15,,3.0,
KNN,50000,,0.793,0.8226,0.8352,0.8289,0.8241,0.003,0.98,,3.0,
KNN,100000,,0.7944,0.8259,0.833,0.8294,0.8273,0.0008,2.57,,3.0,
KNN,100,,0.65,0.7059,0.8571,0.7742,0.7511,0.0375,0.06,,5.0,
KNN,500,,0.69,0.7414,0.7288,0.735,0.6914,0.0479,0.05,,5.0,
KNN,1000,,0.685,0.7165,0.7712,0.7429,0.7531,0.0186,0.06,,5.0,
KNN,5000,,0.772,0.8173,0.801,0.809,0.8163,0.0133,0.1,,5.0,
KNN,10000,,0.7785,0.8128,0.8216,0.8172,0.8149,0.0074,0.16,,5.0,
KNN,50000,,0.804,0.8283,0.8496,0.8388,0.8324,0.0023,0.97,,5.0,
KNN,100000,,0.8066,0.8342,0.8458,0.8399,0.8369,0.0019,2.81,,5.0,
KNN,100,,0.6,0.6875,0.7857,0.7333,0.7707,0.0237,0.06,,7.0,
KNN,500,,0.66,0.7119,0.7119,0.7119,0.6987,0.0559,0.05,,7.0,
KNN,1000,,0.685,0.7132,0.7797,0.7449,0.7485,0.0154,0.06,,7.0,
KNN,5000,,0.78,0.8251,0.806,0.8154,0.8229,0.0166,0.1,,7.0,
KNN,10000,,0.7855,0.8129,0.8365,0.8245,0.8224,0.01,0.16,,7.0,
KNN,50000,,0.8091,0.8333,0.8526,0.8428,0.8377,0.0027,1.03,,7.0,
KNN,100000,,0.8096,0.8371,0.8475,0.8423,0.8409,0.0014,3.05,,7.0,
KNN,100,,0.55,0.6667,0.7143,0.6897,0.7836,0.0264,0.06,,10.0,
KNN,500,,0.64,0.7447,0.5932,0.6604,0.6528,0.0244,0.06,,10.0,
KNN,1000,,0.7,0.7458,0.7458,0.7458,0.7183,0.029,0.06,,10.0,
KNN,5000,,0.788,0.8523,0.7844,0.8169,0.8151,0.0219,0.11,,10.0,
KNN,10000,,0.792,0.8422,0.8058,0.8236,0.8154,0.0134,0.18,,10.0,
KNN,50000,,0.8097,0.8471,0.8334,0.8402,0.8356,0.002,1.13,,10.0,
KNN,100000,,0.8144,0.8571,0.8287,0.8427,0.8379,0.0013,3.35,,10.0,
KNN,100,,0.7,0.7,1.0,0.8235,0.8142,0.0278,0.06,,15.0,
KNN,500,,0.58,0.6441,0.6441,0.6441,0.6545,0.0314,0.06,,15.0,
KNN,1000,,0.675,0.6992,0.7881,0.741,0.7429,0.0171,0.06,,15.0,
KNN,5000,,0.789,0.8267,0.8226,0.8246,0.8226,0.0221,0.12,,15.0,
KNN,10000,,0.7995,0.8258,0.8456,0.8356,0.8245,0.0075,0.19,,15.0,
KNN,50000,,0.8182,0.8357,0.8677,0.8514,0.8439,0.0016,1.23,,15.0,
KNN,100000,,0.8159,0.8401,0.8561,0.848,0.8464,0.0015,3.68,,15.0,
Neural Network,100,,0.7,0.7,1.0,0.8235,0.8233,0.0169,0.08,,,"(32,)"
Neural Network,500,,0.49,0.6111,0.3729,0.4632,0.5179,0.0502,0.12,,,"(32,)"
Neural Network,1000,,0.82,0.8417,0.8559,0.8487,0.8418,0.0269,0.91,,,"(32,)"
Neural Network,5000,,0.824,0.9261,0.7695,0.8406,0.8821,0.0047,3.28,,,"(32,)"
Neural Network,10000,,0.857,0.9306,0.8241,0.8741,0.8836,0.0134,4.71,,,"(32,)"
Neural Network,50000,,0.8779,0.9183,0.8744,0.8958,0.887,0.0068,14.3,,,"(32,)"
Neural Network,100000,,0.8779,0.908,0.8862,0.897,0.8963,0.0107,20.82,,,"(32,)"
Neural Network,100,,0.9,0.875,1.0,0.9333,0.8573,0.0299,0.78,,,"(64, 32)"
Neural Network,500,,0.73,0.881,0.6271,0.7327,0.8271,0.0125,0.81,,,"(64, 32)"
Neural Network,1000,,0.815,0.8522,0.8305,0.8412,0.8517,0.0085,0.9,,,"(64, 32)"
Neural Network,5000,,0.817,0.8344,0.869,0.8513,0.8565,0.0093,3.27,,,"(64, 32)"
Neural Network,10000,,0.82,0.7912,0.9527,0.8645,0.8181,0.0567,5.58,,,"(64, 32)"
Neural Network,50000,,0.7936,0.749,0.9868,0.8516,0.8596,0.0532,26.74,,,"(64, 32)"
Neural Network,100000,,0.8859,0.9102,0.8984,0.9042,0.8843,0.0218,91.6,,,"(64, 32)"
Neural Network,100,,0.85,0.8235,1.0,0.9032,0.8566,0.1181,0.88,,,"(128, 64)"
Neural Network,500,,0.81,0.8448,0.8305,0.8376,0.8069,0.0413,0.68,,,"(128, 64)"
Neural Network,1000,,0.81,0.8571,0.8136,0.8348,0.7592,0.0797,1.07,,,"(128, 64)"
Neural Network,5000,,0.791,0.7648,0.9436,0.8448,0.8328,0.0253,3.29,,,"(128, 64)"
Neural Network,10000,,0.85,0.9095,0.834,0.8701,0.8487,0.0291,10.64,,,"(128, 64)"
Neural Network,50000,,0.887,0.9104,0.9004,0.9054,0.8928,0.0071,79.85,,,"(128, 64)"
Neural Network,100000,,0.8887,0.9029,0.9126,0.9077,0.9006,0.0065,289.65,,,"(128, 64)"
Neural Network,100,,0.8,0.8125,0.9286,0.8667,0.8649,0.0847,1.43,,,"(64, 32, 16)"
Neural Network,500,,0.8,0.8824,0.7627,0.8182,0.8345,0.0426,0.93,,,"(64, 32, 16)"
Neural Network,1000,,0.78,0.8364,0.7797,0.807,0.7979,0.0639,1.2,,,"(64, 32, 16)"
Neural Network,5000,,0.827,0.8952,0.8076,0.8492,0.8527,0.0223,4.25,,,"(64, 32, 16)"
Neural Network,10000,,0.7895,0.9537,0.6838,0.7965,0.8594,0.0123,6.18,,,"(64, 32, 16)"
Neural Network,50000,,0.8849,0.9194,0.8859,0.9024,0.884,0.0138,39.39,,,"(64, 32, 16)"
Neural Network,100000,,0.8891,0.9013,0.9153,0.9083,0.898,0.0048,124.6,,,"(64, 32, 16)"
